item,legs,socks,foot,arms,torso,tattoo,pants,shirt,head,face,eyes,hat,acc,logo,nude,no shirt,no pants,horned,limbs,solid_1,# of traits,name,image,link,price,sale
1,3,0,0,3,1,2,0,0,1,2,1,15,0,0,1,0,0,0,1,0,4,Nude Bro,deemanz1.png,https://kalamint.io/token/25065,1,0
2,4,4,14,4,2,2,0,0,2,3,4,12,21,0,1,0,0,0,1,0,6,Nude Bruh,deemanz2.png,https://kalamint.io/token/25066,12500,1
3,3,0,7,3,3,6,17,20,3,2,12,4,19,3,0,0,0,1,1,1,11,Bue Gobble,deemanz3.png,https://kalamint.io/token/25067,1,0
4,2,1,12,2,2,6,22,18,2,3,10,16,20,6,0,0,0,0,1,1,10,Red Firetooth,deemanz4.png,https://kalamint.io/token/25068,10000,1
5,1,0,11,1,1,1,10,0,1,1,5,6,1,0,0,1,0,0,1,1,7,Green Firefist,deemanz5.png,https://kalamint.io/token/25070,8950,1
6,4,0,13,4,4,8,19,13,4,5,17,17,11,0,0,0,0,0,1,1,7,Purple Claw,deemanz6.png,https://kalamint.io/token/25071,1,0
7,4,1,15,4,3,3,15,0,3,4,17,8,14,0,0,1,0,0,1,0,7,Red Warfire,deemanz7.png,https://kalamint.io/token/25072,1,0
8,2,6,16,2,4,8,16,0,4,5,3,2,14,0,0,1,0,0,1,0,7,Yellow Fire,deemanz8.png,https://kalamint.io/token/25073,1,0
9,1,0,11,1,2,7,15,12,2,2,17,10,11,0,0,0,0,0,1,0,7,Bash Firefist,deemanz9.png,https://kalamint.io/token/25081,1,0
10,3,0,13,3,2,8,19,16,2,5,1,5,12,0,0,0,0,0,1,0,6,Sharp War,deemanz10.png,https://kalamint.io/token/25082,266,1
11,4,0,11,1,4,7,5,22,4,5,13,8,2,0,0,0,0,0,0,0,6,Clobber Destroy,deemanz11.png,https://kalamint.io/token/25083,46,1
12,2,4,8,4,4,2,17,21,4,1,10,8,12,0,0,0,0,0,0,0,6,Slash War,deemanz12.png,https://kalamint.io/token/25084,1,0
13,4,0,6,1,2,4,22,23,2,1,9,11,6,0,0,0,0,0,0,0,7,Tear Warfire,deemanz13.png,https://kalamint.io/token/25085,66.66,0
14,2,0,13,2,3,3,8,7,3,4,10,19,1,5,0,0,0,0,1,0,7,Torn Render,deemanz14.png,https://kalamint.io/token/25086,1,0
15,2,0,7,1,2,8,5,24,2,3,5,5,24,0,0,0,0,0,0,0,7,Clobber Fist,deemanz15.png,https://kalamint.io/token/25087,499,1
16,2,0,12,2,2,5,17,8,2,1,1,1,3,0,0,0,0,0,1,1,7,Gnash Gobbled,deemanz16.png,https://kalamint.io/token/25088,1,0
17,3,2,18,3,1,3,5,26,1,1,7,19,24,0,0,0,0,0,1,0,7,Bloody Thunderclaw,deemanz17.png,https://kalamint.io/token/25089,1,0
18,4,3,18,2,2,7,10,10,2,1,14,5,19,7,0,0,0,0,0,0,9,Grind Doom,deemanz18.png,https://kalamint.io/token/25090,1,0
19,3,5,12,4,2,7,20,25,2,2,16,5,14,0,0,0,0,0,0,0,7,Grind Render,deemanz19.png,https://kalamint.io/token/25091,1,0
20,3,2,11,1,1,3,20,20,1,1,2,5,11,0,0,0,0,0,0,0,7,Gnash Firetooth,deemanz20.png,https://kalamint.io/token/25092,1,0
21,3,6,8,4,2,2,12,22,2,5,7,14,10,0,0,0,0,0,0,0,7,Grind Firefang,deemanz21.png,https://kalamint.io/token/25097,1,0
22,1,3,15,1,1,4,21,20,1,2,9,14,15,0,0,0,0,0,1,1,8,Chop Horned,deemanz22.png,https://kalamint.io/token/25098,1,0
23,1,0,6,4,3,2,6,5,3,2,16,18,5,0,0,0,0,0,0,0,7,Bite Fanged,deemanz23.png,https://kalamint.io/token/25099,1,0
24,2,0,15,2,2,6,18,6,2,4,8,2,9,8,0,0,0,0,1,1,9,Spike Sunder,deemanz24.png,https://kalamint.io/token/25100,25,1
25,3,4,8,4,2,0,1,6,2,1,10,19,20,5,0,0,0,0,0,0,8,Glare Firefang,deemanz25.png,https://kalamint.io/token/25101,25,0
26,2,0,10,2,1,5,8,18,1,2,8,14,9,4,0,0,0,0,1,0,8,Spike Darkhorn,deemanz26.png,https://kalamint.io/token/25102,1100,1
27,2,0,7,2,2,5,1,8,2,2,1,14,20,0,0,0,0,0,1,1,9,Burn Fistclaw,deemanz27.png,https://kalamint.io/token/25103,1,0
28,1,0,9,1,2,7,13,16,2,5,5,2,9,0,0,0,0,0,1,0,7,Slash Sharptooth,deemanz28.png,https://kalamint.io/token/25104,96,1
29,3,0,18,2,3,5,16,22,3,2,4,14,12,0,0,0,0,0,0,0,6,Squish Clawing,deemanz29.png,https://kalamint.io/token/25105,1,0
30,4,3,18,1,4,6,9,5,4,5,1,6,23,3,0,0,0,0,0,0,8,Burp Tooth,deemanz30.png,https://kalamint.io/token/25106,34,1
31,3,4,5,3,2,1,21,2,2,4,4,15,0,3,0,0,0,0,1,0,6,Glare Sunder,deemanz31.png,https://kalamint.io/token/25107,78,1
32,2,4,8,1,4,6,14,20,4,5,13,19,9,2,0,0,0,0,0,0,8,Split Gobble,deemanz32.png,https://kalamint.io/token/25108,36,1
33,3,1,18,1,2,4,21,18,2,5,15,16,9,3,0,0,0,0,0,0,8,Smash Bleeding,deemanz33.png,https://kalamint.io/token/25109,60,1
34,2,0,1,3,4,3,16,2,4,4,10,13,11,0,0,0,0,0,0,0,7,Sharp Horned,deemanz34.png,https://kalamint.io/token/25110,1,0
35,3,1,8,4,3,5,22,7,3,1,11,11,11,5,0,0,0,0,0,0,8,Burp Bleeding,deemanz35.png,https://kalamint.io/token/25111,66.66,1
36,2,0,16,1,3,1,15,6,3,5,3,9,5,2,0,0,0,0,0,0,8,Split Thunderclaw,deemanz36.png,https://kalamint.io/token/25112,25,0
37,3,4,7,3,2,4,7,0,2,3,18,19,17,0,0,1,0,0,1,0,8,Spike Horned,deemanz37.png,https://kalamint.io/token/25113,10,0
38,4,6,7,2,2,8,1,7,2,5,17,3,6,0,0,0,0,1,0,0,8,Punish Render,deemanz38.png,https://kalamint.io/token/25114,1,0
39,2,0,17,3,1,1,0,4,1,3,16,12,11,0,0,0,1,0,0,0,7,Bare Ass Crush Destroy,deemanz39.png,https://kalamint.io/token/25115,1,0
40,4,0,4,1,2,7,16,22,2,1,5,8,19,0,0,0,0,0,0,0,8,Grind Horn,deemanz40.png,https://kalamint.io/token/25116,295,1
41,2,0,17,4,4,2,21,18,4,2,8,15,5,2,0,0,0,0,0,0,7,Crush Firetooth,deemanz41.png,https://kalamint.io/token/25117,1,0
42,1,0,13,1,3,4,3,25,3,1,8,12,17,8,0,0,0,0,1,0,9,Tear Sharptooth,deemanz42.png,https://kalamint.io/token/25118,1,0
43,3,5,16,1,1,4,14,8,1,5,5,14,16,0,0,0,0,0,0,0,7,Spike Firetooth,deemanz43.png,https://kalamint.io/token/25120,1,0
44,2,1,11,1,3,1,11,24,3,5,5,4,7,0,0,0,0,1,0,0,8,Crush Fanged,deemanz44.png,https://kalamint.io/token/25121,1,0
45,4,0,5,4,2,0,19,11,2,4,9,14,6,0,0,0,0,0,1,0,6,Clobber Rendered,deemanz45.png,https://kalamint.io/token/25122,2020,1
46,1,0,11,4,1,8,6,19,1,4,4,11,11,0,0,0,0,0,0,0,7,Punish Gobbled,deemanz46.png,https://kalamint.io/token/25123,2200,1
47,4,0,4,4,3,0,15,17,3,2,4,3,9,0,0,0,0,1,1,0,7,Bloody Bleeding,deemanz47.png,https://kalamint.io/token/25124,13,0
48,4,0,11,2,3,0,19,17,3,2,5,16,12,0,0,0,0,0,0,0,5,Plunder Darkhorn,deemanz48.png,https://kalamint.io/token/25125,1,0
49,2,0,11,2,4,6,2,5,4,4,13,3,24,0,0,0,0,1,1,0,8,Bite Dark,deemanz49.png,https://kalamint.io/token/25126,1,0
50,2,6,11,2,2,3,16,10,2,3,11,7,11,0,0,0,0,0,1,1,7,Torn Fist,deemanz50.png,https://kalamint.io/token/25127,1,0
51,2,1,5,3,1,7,5,12,1,4,2,2,19,4,0,0,0,0,0,0,9,Slash Warfire,deemanz51.png,https://kalamint.io/token/25144,1,0
52,3,4,5,1,4,0,12,11,4,5,14,4,21,0,0,0,0,1,0,0,7,Slash Fist,deemanz52.png,https://kalamint.io/token/25145,1,0
53,2,0,14,2,2,8,22,13,2,4,12,16,20,0,0,0,0,0,1,1,9,Torn Fire,deemanz53.png,https://kalamint.io/token/25146,1,0
54,3,0,15,3,1,4,15,23,1,3,15,18,17,4,0,0,0,0,1,0,9,Rip Fist,deemanz54.png,https://kalamint.io/token/25147,1,0
55,1,0,13,1,2,7,10,4,2,2,7,0,3,0,0,0,0,0,1,0,5,Torn Thunderclaw,deemanz55.png,https://kalamint.io/token/25148,1,0
56,2,0,17,2,3,8,0,0,3,5,3,4,25,0,1,0,0,1,1,0,11,Nude Bruv,deemanz56.png,https://kalamint.io/token/25499,1,0
57,1,0,12,2,1,2,19,4,1,3,18,14,19,0,0,0,0,0,0,0,8,Smash Firefang,deemanz57.png,https://kalamint.io/token/25149,1,0
58,1,5,7,2,1,6,4,8,1,3,3,5,1,0,0,0,0,0,0,0,5,Sharp Gobbled,deemanz58.png,https://kalamint.io/token/25150,666,1
59,2,5,16,3,2,3,17,1,2,2,6,10,8,6,0,0,0,0,0,0,8,Squash Firegobbler,deemanz59.png,https://kalamint.io/token/25151,255,1
60,1,2,12,2,3,5,18,17,3,2,6,9,9,0,0,0,0,0,0,0,7,Tear Firefist,deemanz60.png,https://kalamint.io/token/25152,500,1
61,1,6,14,2,2,5,14,19,2,2,2,2,4,0,0,0,0,0,0,0,6,Bloody Gobbled,deemanz61.png,https://kalamint.io/token/25153,1,0
62,3,1,7,3,1,3,8,19,1,5,1,17,17,7,0,0,0,0,1,0,9,Torn Fistclaw,deemanz62.png,https://kalamint.io/token/25154,1,0
63,4,6,17,1,3,7,10,13,3,2,12,8,8,0,0,0,0,0,0,0,7,Plunder Fanged,deemanz63.png,https://kalamint.io/token/25155,299,1
64,4,5,6,2,4,4,22,17,4,3,16,8,26,0,0,0,0,0,0,0,8,Glare Thunderclaw,deemanz64.png,https://kalamint.io/token/25156,1,0
65,3,0,12,3,2,6,7,21,2,2,11,8,1,0,0,0,0,0,1,0,,Squash Firetooth,deemanz65.png,https://kalamint.io/token/25157,25,0
66,3,0,15,4,1,7,9,23,1,1,7,18,19,2,0,0,0,0,0,0,,Punish Doom,deemanz66.png,https://kalamint.io/token/25158,66,1
67,3,0,7,4,4,1,1,8,4,1,8,6,16,0,0,0,0,0,0,0,,Plunder Thunderclaw,deemanz67.png,https://kalamint.io/token/25159,1,0
68,3,1,6,3,2,2,19,0,2,5,13,3,22,0,0,1,0,1,1,0,,Slash Firetooth,deemanz68.png,https://kalamint.io/token/25165,1,0
69,1,1,10,1,4,7,17,16,4,3,13,15,8,0,0,0,0,0,1,0,,Torn Fistclaw,deemanz69.png,https://kalamint.io/token/25166,1,0
70,3,0,9,2,2,4,3,20,2,3,9,12,24,1,0,0,0,0,0,0,,Bite Thunderclaw,deemanz70.png,https://kalamint.io/token/25167,300,1
71,1,5,11,1,4,5,13,3,4,5,5,4,24,0,0,0,0,1,1,0,,Rip Warhorn,deemanz71.png,https://kalamint.io/token/25168,1,0
72,3,0,13,2,2,3,16,23,2,4,1,7,0,0,0,0,0,0,0,0,,Rip Claw,deemanz72.png,https://kalamint.io/token/25169,1,0
73,3,4,6,1,1,6,18,6,1,1,18,9,10,0,0,0,0,0,0,0,,Burn Fanged,deemanz73.png,https://kalamint.io/token/25170,13.9,0
74,1,0,10,4,2,3,18,0,2,1,14,13,15,0,0,1,0,0,0,0,,Glare Dark,deemanz74.png,https://kalamint.io/token/25171,50,1
75,4,2,5,4,4,3,0,20,4,5,4,10,5,0,0,0,1,0,1,1,,Bare Ass Smash Fanged,deemanz75.png,https://kalamint.io/token/25172,25,1
76,2,0,18,2,4,8,21,26,4,5,3,10,9,0,0,0,0,0,1,0,,Slash Fistclaw,deemanz76.png,https://kalamint.io/token/25173,200,1
77,3,0,9,3,3,8,14,9,3,4,7,17,15,0,0,0,0,0,1,1,,Sharp Darkhorn,deemanz77.png,https://kalamint.io/token/25174,1,0
78,4,0,4,3,4,6,7,4,4,1,11,4,11,0,0,0,0,1,0,0,,Clobber Fanged,deemanz78.png,https://kalamint.io/token/25175,1,0
79,2,4,14,2,2,4,4,23,2,3,2,19,11,0,0,0,0,0,1,1,,Spike Claw,deemanz79.png,https://kalamint.io/token/25176,100,1
80,1,0,12,1,1,6,6,8,1,1,12,15,5,0,0,0,0,0,1,1,,Slash Horned,deemanz80.png,https://kalamint.io/token/25177,1,0
81,4,0,7,3,4,1,17,0,4,1,13,10,7,0,0,1,0,0,0,0,,Bite Warhorn,deemanz81.png,https://kalamint.io/token/25178,100,1
82,4,0,4,1,2,1,0,5,2,4,2,3,15,0,0,0,1,1,0,0,,Bare Ass Torn Warfire,deemanz82.png,https://kalamint.io/token/25179,1,0
83,1,1,8,2,1,4,7,21,1,4,18,2,15,0,0,0,0,0,0,0,,Punish Darkhorn,deemanz83.png,https://kalamint.io/token/25180,10000,1
84,2,4,14,4,2,3,14,5,2,3,8,15,7,3,0,0,0,0,0,0,,Plunder Gobbled,deemanz84.png,https://kalamint.io/token/25181,1,0
85,3,3,14,3,1,5,10,1,1,3,13,11,10,4,0,0,0,0,1,0,,Squish Gobbled,deemanz85.png,https://kalamint.io/token/25182,100,1
86,2,4,7,4,1,8,11,3,1,3,17,8,5,0,0,0,0,0,0,0,,Squish Clawed,deemanz86.png,https://kalamint.io/token/25183,1,0
87,2,0,14,4,3,2,12,5,3,4,3,17,3,0,0,0,0,0,0,0,,Torn Doom,deemanz87.png,https://kalamint.io/token/25187,50,1
88,4,5,5,4,2,3,3,6,2,5,3,11,8,4,0,0,0,0,1,0,,Sharp Rendered,deemanz88.png,https://kalamint.io/token/25188,100,1
89,2,0,2,2,3,3,16,17,3,4,14,16,7,0,0,0,0,0,1,0,,Crush Doom,deemanz89.png,https://kalamint.io/token/25189,150,0
90,3,2,10,4,3,6,19,1,3,5,9,18,6,0,0,0,0,0,0,0,,Bite Warfire,deemanz90.png,https://kalamint.io/token/25191,225,1
91,3,0,13,1,3,4,3,18,3,1,3,16,6,9,0,0,0,0,0,0,,Grind Warhorn,deemanz91.png,https://kalamint.io/token/25192,1,0
92,1,5,15,2,4,5,10,7,4,1,17,16,19,3,0,0,0,0,0,0,,Slash Fist,deemanz92.png,https://kalamint.io/token/25193,1,0
93,4,0,11,3,4,5,9,24,4,3,17,2,2,0,0,0,0,0,0,0,,Crush Firefist,deemanz93.png,https://kalamint.io/token/25194,500,1
94,2,3,13,2,1,8,2,11,1,5,11,17,17,0,0,0,0,0,1,0,,Clobber Rendered,deemanz94.png,https://kalamint.io/token/25195,1,0
95,3,0,9,1,1,1,6,17,1,5,3,5,16,0,0,0,0,0,0,0,,Sharp Dark,deemanz95.png,https://kalamint.io/token/25196,1,0
96,3,2,14,1,2,0,19,8,2,2,15,1,17,0,0,0,0,0,0,0,,Torn Clawing,deemanz96.png,https://kalamint.io/token/25197,1,0
97,1,1,11,3,4,7,19,19,4,3,2,13,8,8,0,0,0,0,0,0,,Bloody Gobbled,deemanz97.png,https://kalamint.io/token/25202,100,1
98,4,0,10,4,2,4,2,14,2,3,10,7,5,0,0,0,0,0,1,0,,Burn Claw,deemanz98.png,https://kalamint.io/token/25203,100,1
99,1,4,14,1,2,2,1,1,2,1,15,16,26,0,0,0,0,0,1,0,,Bite Fire,deemanz99.png,https://kalamint.io/token/25204,100,1
100,4,6,13,3,4,7,5,17,4,5,17,11,11,0,0,0,0,0,0,0,,Punish Render,deemanz100.png,https://kalamint.io/token/25206,1500,1
101,4,0,18,3,3,2,20,17,3,4,11,16,17,0,0,0,0,0,0,0,,Gnash Gobbled,deemanz101.png,https://kalamint.io/token/25242,1,0
102,2,0,11,4,2,5,8,1,2,2,16,17,4,0,0,0,0,0,0,0,,Split Fire,deemanz102.png,https://kalamint.io/token/25243,1,0
103,2,0,13,3,1,4,21,18,1,3,16,15,10,0,0,0,0,0,0,0,,Glare Gobbled,deemanz103.png,https://kalamint.io/token/25244,1,0
104,3,4,16,2,1,7,5,12,1,4,17,6,16,2,0,0,0,0,0,0,,Render Horned,deemanz104.png,https://kalamint.io/token/25245,40,1
105,1,0,7,2,1,8,20,23,1,2,16,3,22,7,0,0,0,1,0,0,,Sharp Rendered,deemanz105.png,https://kalamint.io/token/25246,1,0
106,1,0,18,2,1,8,4,20,1,1,16,8,16,0,0,0,0,0,0,0,,Gnash Dark,deemanz106.png,https://kalamint.io/token/25247,1,0
107,4,5,17,1,2,4,4,0,2,3,3,10,11,0,0,1,0,0,0,0,,Burn Fire,deemanz107.png,https://kalamint.io/token/25248,1,0
108,2,1,13,4,1,8,5,18,1,1,11,4,11,0,0,0,0,1,0,0,,Smash Horned,deemanz108.png,https://kalamint.io/token/25249,1,0
109,4,5,15,1,3,0,11,23,3,2,15,7,7,0,0,0,0,0,0,0,,Plunder Horned,deemanz109.png,https://kalamint.io/token/25250,22,0
110,3,0,17,3,4,0,8,23,4,4,3,19,16,6,0,0,0,0,1,0,,Split Firetooth,deemanz110.png,https://kalamint.io/token/25251,1,0
111,1,0,9,2,3,2,13,17,3,3,7,15,10,0,0,0,0,0,0,0,,Grind Gobbled,deemanz111.png,https://kalamint.io/token/25252,220,1
112,2,0,9,3,3,8,5,17,3,4,2,13,26,0,0,0,0,0,0,0,,Burp Horn,deemanz112.png,https://kalamint.io/token/25253,25,0
113,3,6,15,2,1,1,2,22,1,4,14,17,26,0,0,0,0,0,0,0,,Render Firefist,deemanz113.png,https://kalamint.io/token/25254,113,1
114,1,0,1,4,2,3,17,21,2,5,17,12,20,0,0,0,0,0,0,0,,Smash Destroy,deemanz114.png,https://kalamint.io/token/25255,50,0
115,4,6,14,3,1,1,3,22,1,2,1,18,5,0,0,0,0,0,0,0,,Clobber Fist,deemanz115.png,https://kalamint.io/token/25256,22.22,0
116,2,0,14,3,4,1,9,6,4,5,5,9,0,1,0,0,0,0,0,0,,Bite Gobble,deemanz116.png,https://kalamint.io/token/25257,150,1
117,1,5,6,3,3,4,10,11,3,4,2,1,12,0,0,0,0,0,0,0,,Bloody Firefang,deemanz117.png,https://kalamint.io/token/25258,25,0
118,1,0,6,2,3,0,11,1,3,1,1,8,18,0,0,0,0,0,0,0,,Crush Darkhorn,deemanz118.png,https://kalamint.io/token/25259,999,1
119,4,6,18,4,4,2,8,20,4,4,7,8,17,1,0,0,0,0,1,1,,Burn Bleeding,deemanz119.png,https://kalamint.io/token/25260,30,1
120,4,3,12,3,4,1,20,12,4,1,10,6,5,1,0,0,0,0,0,0,,Burp Warfire,deemanz120.png,https://kalamint.io/token/25261,99.99,1
121,2,0,1,2,1,6,18,17,1,1,4,11,10,0,0,0,0,0,1,0,,Squash Thunderclaw,deemanz121.png,https://kalamint.io/token/25262,1,0
122,4,3,14,3,1,1,5,1,1,1,11,16,24,2,0,0,0,0,0,0,,Crush Warhorn,deemanz122.png,https://kalamint.io/token/25263,1,0
123,1,4,14,2,2,4,6,21,2,1,9,16,22,0,0,0,0,0,0,0,,Grind Darkclaw,deemanz123.png,https://kalamint.io/token/25264,1,0
124,3,4,6,4,1,4,9,20,1,5,6,9,9,7,0,0,0,0,0,0,,Sharp Render,deemanz124.png,https://kalamint.io/token/25267,1,0
125,2,6,5,2,1,8,8,9,1,2,17,9,11,0,0,0,0,0,1,0,,Spike Clawed,deemanz125.png,https://kalamint.io/token/25268,45,1
126,2,3,14,3,4,1,0,13,4,2,14,16,6,0,0,0,1,0,0,0,,Bare Ass Clobber Sunder,deemanz126.png,https://kalamint.io/token/25269,25,0
127,1,0,1,1,4,7,0,0,4,1,3,9,15,0,1,0,0,0,1,0,,Nude Brah,deemanz127.png,https://kalamint.io/token/25715,15,0
128,4,3,7,1,3,7,18,6,3,5,3,2,8,0,0,0,0,0,0,0,,Smash Fire,deemanz128.png,https://kalamint.io/token/25270,200,1
129,4,0,14,2,3,7,10,18,3,5,6,16,22,0,0,0,0,0,0,0,,Grind Render,deemanz129.png,https://kalamint.io/token/25271,1000,1
130,2,0,10,2,2,6,11,19,2,3,1,14,20,6,0,0,0,0,1,1,,Rip Darkhorn,deemanz130.png,https://kalamint.io/token/25961,2,0
131,4,1,17,4,3,0,21,19,3,4,13,15,8,0,0,0,0,0,1,0,,Crush Warhorn,deemanz131.png,https://kalamint.io/token/25272,35,1
132,4,3,14,2,1,6,6,3,1,5,8,1,16,0,0,0,0,0,0,0,,Burp Clawing,deemanz132.png,https://kalamint.io/token/25273,30,1
133,1,6,13,4,3,4,13,15,3,4,12,1,21,0,0,0,0,0,0,0,,Grind Gobble,deemanz133.png,https://kalamint.io/token/25274,8,0
134,1,2,9,2,4,3,18,6,4,4,1,11,9,0,0,0,0,0,0,0,,Burp Dark,deemanz134.png,https://kalamint.io/token/25275,15,0
135,3,6,5,1,2,0,13,8,2,2,9,11,6,0,0,0,0,0,0,0,,Plunder Gobbled,deemanz135.png,https://kalamint.io/token/25276,90,0
136,1,0,16,4,4,3,15,26,4,2,8,18,22,0,0,0,0,0,0,0,,Squash Horn,deemanz136.png,https://kalamint.io/token/25277,20,0
137,3,6,11,3,4,7,15,3,4,3,13,10,11,0,0,0,0,0,1,0,,Clobber War,deemanz137.png,https://kalamint.io/token/25278,40,1
138,4,0,17,1,2,3,16,15,2,1,2,8,18,0,0,0,0,0,0,0,,Plunder Render,deemanz138.png,https://kalamint.io/token/25279,50,0
139,3,3,13,1,2,2,5,22,2,4,6,12,23,0,0,0,0,0,0,0,,Punish War,deemanz139.png,https://kalamint.io/token/25280,49.9,1
140,4,0,17,1,3,5,9,16,3,1,1,7,8,0,0,0,0,0,0,0,,Grind Rendered,deemanz140.png,https://kalamint.io/token/25281,20,1
141,4,0,18,1,4,1,8,26,4,1,10,5,14,0,0,0,0,0,0,0,,Clobber Gobble,deemanz141.png,https://kalamint.io/token/25282,50,1
142,1,3,12,1,2,5,2,25,2,3,10,18,3,6,0,0,0,0,1,0,,Render Horn,deemanz142.png,https://kalamint.io/token/25283,1,0
143,1,1,14,3,4,1,0,15,4,2,3,1,13,0,0,0,1,0,0,0,,Bare Ass Bite Claw,deemanz143.png,https://kalamint.io/token/25284,15,1
144,4,0,5,3,4,5,16,17,4,1,3,18,20,0,0,0,0,0,0,0,,Punish Rendered,deemanz144.png,https://kalamint.io/token/25285,88,1
145,3,6,14,3,2,5,10,9,2,5,18,6,21,0,0,0,0,0,1,0,,Burp Claw,deemanz145.png,https://kalamint.io/token/25286,99,1
146,1,5,8,3,1,0,17,13,1,4,4,1,9,0,0,0,0,0,0,0,,Crush Rendered,deemanz146.png,https://kalamint.io/token/25287,25,1
147,3,0,17,1,2,8,19,15,2,1,17,11,10,0,0,0,0,0,0,0,,Grind Horn,deemanz147.png,https://kalamint.io/token/25289,1,0
148,3,3,5,4,2,1,17,6,2,3,13,17,6,0,0,0,0,0,0,0,,Squish Bleeding,deemanz148.png,https://kalamint.io/token/25331,60,1
149,2,6,12,3,3,6,19,22,3,3,4,11,8,0,0,0,0,0,0,0,,Bash War,deemanz149.png,https://kalamint.io/token/25332,25,1
150,1,6,17,2,3,6,5,20,3,2,15,4,4,0,0,0,0,1,0,0,,Spike Thunderclaw,deemanz150.png,https://kalamint.io/token/25333,666,0
151,2,1,13,2,4,1,8,23,4,2,15,14,11,0,0,0,0,0,1,0,,Bloody War,deemanz151.png,https://kalamint.io/token/25334,20,0
152,3,0,7,2,3,3,18,26,3,3,18,3,10,0,0,0,0,1,0,0,,Gnash Render,deemanz152.png,https://kalamint.io/token/25335,1,0
153,4,0,13,2,3,1,4,5,3,4,9,15,10,3,0,0,0,0,0,0,,Smash Claw,deemanz153.png,https://kalamint.io/token/25336,1,0
154,2,3,10,4,4,4,21,0,4,4,12,6,8,0,0,1,0,0,0,0,,Squish Gobble,deemanz154.png,https://kalamint.io/token/25338,100,1
155,1,0,11,4,4,7,19,24,4,3,15,19,7,0,0,0,0,0,0,0,,Split Gobbled,deemanz155.png,https://kalamint.io/token/25339,1,0
156,4,4,5,1,3,8,3,11,3,4,17,10,11,0,0,0,0,0,0,0,,Squash Warhorn,deemanz156.png,https://kalamint.io/token/25340,60,1
157,3,0,16,2,2,1,11,0,2,4,10,15,7,0,0,1,0,0,0,0,,Plunder Fanged,deemanz157.png,https://kalamint.io/token/25341,30,1
158,3,3,6,1,2,7,11,12,2,2,16,15,7,8,0,0,0,0,0,0,,Tear Firefist,deemanz158.png,https://kalamint.io/token/25342,20,1
159,2,0,5,2,4,5,6,6,4,3,18,19,4,7,0,0,0,0,1,0,,Punish Doom,deemanz159.png,https://kalamint.io/token/25343,55,1
160,1,0,15,3,2,8,7,9,2,4,16,8,5,0,0,0,0,0,0,0,,Punish Destroy,deemanz160.png,https://kalamint.io/token/25344,1,0
161,3,0,0,1,3,8,22,4,3,2,15,19,7,0,0,0,0,0,0,0,,Grind Doom,deemanz161.png,https://kalamint.io/token/25345,15,0
162,2,0,9,4,4,1,14,8,4,2,16,5,12,0,0,0,0,0,0,0,,Chop Horned,deemanz162.png,https://kalamint.io/token/25346,1,0
163,4,6,15,4,2,8,6,10,2,3,7,11,6,3,0,0,0,0,1,0,,Punish Darkhorn,deemanz163.png,https://kalamint.io/token/25347,1,0
164,3,0,11,1,2,7,2,12,2,1,1,0,6,2,0,0,0,0,0,0,,Sharp Rendered,deemanz164.png,https://kalamint.io/token/25348,1,0
165,4,2,12,4,2,8,14,15,2,5,18,18,20,0,0,0,0,0,1,0,,Plunder Warhorn,deemanz165.png,https://kalamint.io/token/25349,25,1
166,3,5,6,3,3,4,17,4,3,3,16,5,3,0,0,0,0,0,1,1,,Punish Firefist,deemanz166.png,https://kalamint.io/token/25350,19,1
167,1,0,10,2,4,7,3,23,4,3,17,16,14,6,0,0,0,0,0,0,,Bite Fang,deemanz167.png,https://kalamint.io/token/25351,1,0
168,4,0,5,1,1,2,18,23,1,3,10,4,21,7,0,0,0,1,0,0,,Bash Firetooth,deemanz168.png,https://kalamint.io/token/25352,50,1
169,2,0,14,3,2,1,7,14,2,3,3,8,4,5,0,0,0,0,0,0,,Grind Darkclaw,deemanz169.png,https://kalamint.io/token/25353,10,1
170,2,5,17,4,4,2,21,13,4,4,6,0,5,0,0,0,0,0,0,0,,Burn Darkhorn,deemanz170.png,https://kalamint.io/token/25354,70,1
171,1,4,14,1,1,5,9,9,1,3,11,0,24,0,0,0,0,0,1,1,,Tear War,deemanz171.png,https://kalamint.io/token/25359,45,1
172,1,0,13,4,3,6,8,5,3,5,3,15,6,4,0,0,0,0,0,0,,Gnash Fang,deemanz172.png,https://kalamint.io/token/25360,1,0
173,3,0,9,2,1,1,4,15,1,1,9,14,26,0,0,0,0,0,0,0,,Gnash Clawing,deemanz173.png,https://kalamint.io/token/25362,20,0
174,2,0,10,4,4,7,17,10,4,5,1,3,5,0,0,0,0,1,0,0,,Bloody Firefist,deemanz174.png,https://kalamint.io/token/25363,15,0
175,3,0,0,3,1,8,10,6,1,1,8,6,25,0,0,0,0,0,1,0,,Render Firefang,deemanz175.png,https://kalamint.io/token/25364,20,1
176,2,4,10,1,3,6,13,19,3,2,2,11,11,0,0,0,0,0,0,0,,Torn Bleeding,deemanz176.png,https://kalamint.io/token/25365,40,0
177,4,0,8,3,4,7,4,14,4,3,15,13,13,7,0,0,0,0,0,0,,Split Thunderclaw,deemanz177.png,https://kalamint.io/token/25366,20,1
178,2,0,1,3,3,7,12,20,3,5,17,15,10,0,0,0,0,0,0,0,,Burp Sharptooth,deemanz178.png,https://kalamint.io/token/25367,20,0
179,4,6,15,1,2,2,14,10,2,1,2,1,13,0,0,0,0,0,0,0,,Sharp Gobbled,deemanz179.png,https://kalamint.io/token/25368,8.8,0
180,1,0,18,1,1,8,20,0,1,4,15,20,19,0,0,1,0,0,1,1,,Bash Fist,deemanz180.png,https://kalamint.io/token/26017,2,0
181,1,0,18,1,4,5,0,7,4,4,15,19,7,9,0,0,1,0,1,0,,Bare Ass Bloody Firefang,deemanz181.png,https://kalamint.io/token/25369,21,1
182,2,0,0,1,1,1,17,21,1,1,18,18,21,0,0,0,0,0,0,0,,Split Fistclaw,deemanz182.png,https://kalamint.io/token/25370,1,0
183,3,0,16,1,2,4,22,21,2,1,10,1,4,0,0,0,0,0,0,0,,Rip Bleeding,deemanz183.png,https://kalamint.io/token/25372,100,1
184,1,1,6,1,4,7,9,18,4,3,7,8,14,0,0,0,0,0,1,0,,Bloody Thunderclaw,deemanz184.png,https://kalamint.io/token/25373,15,0
185,4,3,6,3,4,6,8,5,4,3,1,7,5,0,0,0,0,0,0,0,,Glare Firefang,deemanz185.png,https://kalamint.io/token/25374,66,1
186,4,0,7,4,1,2,19,9,1,2,6,12,11,0,0,0,0,0,1,0,,Sharp Fanged,deemanz186.png,https://kalamint.io/token/25375,15,1
187,1,0,15,1,1,1,0,20,1,3,11,19,8,0,0,0,1,0,1,1,,Bare Ass Sharp Render,deemanz187.png,https://kalamint.io/token/25376,50,1
188,4,0,8,4,4,1,6,1,4,4,18,7,9,2,0,0,0,0,1,1,,Torn Clawing,deemanz188.png,https://kalamint.io/token/25382,15,0
189,1,0,15,1,4,3,18,18,4,5,10,15,8,5,0,0,0,0,1,0,,Spike Sunder,deemanz189.png,https://kalamint.io/token/25383,999.9,1
190,3,0,5,1,3,8,1,14,3,1,13,7,10,6,0,0,0,0,0,0,,Clobber Clawed,deemanz190.png,https://kalamint.io/token/25384,1,0
191,4,4,11,2,3,5,5,24,3,5,12,3,21,0,0,0,0,1,0,0,,Burp Gobble,deemanz191.png,https://kalamint.io/token/25385,16,1
192,3,1,10,3,4,3,2,16,4,5,15,7,7,0,0,0,0,0,1,0,,Slash Warhorn,deemanz192.png,https://kalamint.io/token/25386,12.666,1
193,1,0,14,3,4,8,21,9,4,3,6,19,15,0,0,0,0,0,0,0,,Squish Horn,deemanz193.png,https://kalamint.io/token/25387,75,1
194,3,0,0,3,2,6,18,5,2,1,1,9,8,0,0,0,0,0,1,0,,Bash Firefang,deemanz194.png,https://kalamint.io/token/25388,1,0
195,3,3,14,4,4,5,19,0,4,5,1,12,26,0,0,1,0,0,0,0,,Gnash Gobbled,deemanz195.png,https://kalamint.io/token/25389,1,0
196,2,2,8,1,3,2,21,20,3,2,15,1,14,5,0,0,0,0,0,0,,Bloody Horned,deemanz196.png,https://kalamint.io/token/25390,25,0
197,4,1,10,3,3,1,13,19,3,4,1,18,3,0,0,0,0,0,0,0,,Burn Sunder,deemanz197.png,https://kalamint.io/token/25392,1,0
198,4,0,8,3,3,8,7,0,3,1,11,0,23,0,0,1,0,0,0,0,,Render Warhorn,deemanz198.png,https://kalamint.io/token/25393,3666,1
199,2,2,5,2,2,4,8,23,2,4,3,7,5,0,0,0,0,0,1,1,,Squish Clawed,deemanz199.png,https://kalamint.io/token/25394,99,1
200,1,2,5,4,3,3,2,18,3,5,8,5,0,0,0,0,0,0,0,0,,Burn Gobbled,deemanz200.png,https://kalamint.io/token/25395,25,0
201,3,3,17,1,2,4,4,11,2,3,3,1,12,0,0,0,0,0,0,0,,Grind War,deemanz201.png,https://kalamint.io/token/25500,15,0
202,3,3,6,3,4,1,9,15,4,4,5,4,13,3,0,0,0,1,1,0,,Split Render,deemanz202.png,https://kalamint.io/token/25501,200,0
203,3,6,13,2,2,0,1,26,2,2,17,14,10,0,0,0,0,0,0,0,,Clobber Sharptooth,deemanz203.png,https://kalamint.io/token/25502,750,1
204,1,2,13,4,1,7,21,23,1,5,9,3,4,3,0,0,0,1,0,0,,Tear Darkclaw,deemanz204.png,https://kalamint.io/token/25503,25,1
205,1,2,9,3,2,8,21,4,2,5,10,18,20,0,0,0,0,0,0,0,,Sharp Firefang,deemanz205.png,https://kalamint.io/token/25505,20,1
206,1,4,10,2,2,7,6,26,2,2,10,4,8,0,0,0,0,1,0,0,,Crush Claw,deemanz206.png,https://kalamint.io/token/25506,1,0
207,2,0,14,3,3,1,20,16,3,1,5,9,9,0,0,0,0,0,0,0,,Render Clawing,deemanz207.png,https://kalamint.io/token/25507,69,1
208,2,0,1,2,3,1,5,0,3,1,1,3,25,0,0,1,0,1,1,0,,Bash Gobble,deemanz208.png,https://kalamint.io/token/25508,1,0
209,1,0,1,2,3,4,0,11,3,4,17,5,3,0,0,0,1,0,0,0,,Bare Ass Gnash Fistclaw,deemanz209.png,https://kalamint.io/token/25509,21,0
210,1,0,11,3,1,2,1,10,1,4,5,14,20,0,0,0,0,0,0,0,,Torn Thunderclaw,deemanz210.png,https://kalamint.io/token/25510,1,0
211,2,0,10,2,1,0,7,7,1,1,15,5,3,0,0,0,0,0,1,0,,Burn Firetooth,deemanz211.png,https://kalamint.io/token/25511,1,0
212,4,0,5,3,1,1,1,22,1,4,2,9,5,0,0,0,0,0,0,0,,Squish Render,deemanz212.png,https://kalamint.io/token/25512,50,1
213,1,0,8,4,2,8,18,10,2,4,14,1,16,0,0,0,0,0,0,0,,Bite Firetooth,deemanz213.png,https://kalamint.io/token/25513,55,1
214,2,0,4,3,2,1,18,26,2,2,3,10,10,0,0,0,0,0,0,0,,Clobber Darkhorn,deemanz214.png,https://kalamint.io/token/25514,1,0
215,4,3,16,1,3,5,19,14,3,5,9,11,6,1,0,0,0,0,0,0,,Split Gobbled,deemanz215.png,https://kalamint.io/token/25515,100,1
216,1,0,12,2,1,4,12,19,1,5,1,8,4,0,0,0,0,0,0,0,,Gnash Render,deemanz216.png,https://kalamint.io/token/25516,40,1
217,2,1,10,3,1,2,15,16,1,1,5,13,5,0,0,0,0,0,0,0,,Gnash Destroy,deemanz217.png,https://kalamint.io/token/25517,1,0
218,4,4,15,3,2,3,14,16,2,3,13,12,14,0,0,0,0,0,0,0,,Burp Fire,deemanz218.png,https://kalamint.io/token/25518,1,0
219,3,3,14,1,2,1,7,11,2,1,1,16,13,0,0,0,0,0,0,0,,Glare Darkhorn,deemanz219.png,https://kalamint.io/token/25519,1,0
220,2,0,11,1,3,2,0,14,3,2,3,7,0,8,0,0,1,0,0,0,,Bare Ass Squash Firetooth,deemanz220.png,https://kalamint.io/token/25521,220,1
221,1,0,13,3,1,2,3,26,1,2,14,15,5,0,0,0,0,0,0,0,,Chop Gobbled,deemanz221.png,https://kalamint.io/token/25522,1,0
222,3,0,18,4,2,8,5,10,2,4,18,17,22,0,0,0,0,0,0,0,,Bash Dark,deemanz222.png,https://kalamint.io/token/25523,1,0
223,2,3,9,4,3,1,4,19,3,4,10,17,0,0,0,0,0,0,0,0,,Plunder Firefang,deemanz223.png,https://kalamint.io/token/25524,1,0
224,3,6,9,2,3,4,20,18,3,5,4,3,4,7,0,0,0,1,0,0,,Burp Firegobbler,deemanz224.png,https://kalamint.io/token/25525,1,0
225,1,2,17,2,3,4,9,20,3,5,2,13,15,0,0,0,0,0,0,0,,Bite Warfire,deemanz225.png,https://kalamint.io/token/25526,1,0
226,2,3,15,1,2,2,10,13,2,2,11,2,15,0,0,0,0,0,0,0,,Tear War,deemanz226.png,https://kalamint.io/token/25527,1,0
227,3,4,6,4,1,2,21,3,1,3,2,0,2,0,0,0,0,0,0,0,,Sharp Thunderclaw,deemanz227.png,https://kalamint.io/token/25529,1,0
228,4,5,16,1,2,1,19,13,2,5,11,2,22,0,0,0,0,0,0,0,,Gnash Warfire,deemanz228.png,https://kalamint.io/token/25532,1,0
229,4,1,8,2,2,7,16,11,2,4,3,16,4,0,0,0,0,0,0,0,,Glare Fanged,deemanz229.png,https://kalamint.io/token/25533,50,1
230,4,0,5,3,3,6,21,21,3,2,7,9,10,0,0,0,0,0,0,0,,Chop Destroy,deemanz230.png,https://kalamint.io/token/25535,15,0
231,4,6,12,1,1,7,10,16,1,5,12,1,9,0,0,0,0,0,0,0,,Sharp Firefist,deemanz231.png,https://kalamint.io/token/25537,1,0
232,1,0,15,2,1,8,2,16,1,1,9,3,16,0,0,0,0,1,0,0,,Sharp Fistclaw,deemanz232.png,https://kalamint.io/token/25538,15,0
233,1,4,6,2,1,8,10,3,1,4,6,15,7,0,0,0,0,0,0,0,,Split Firegobbler,deemanz233.png,https://kalamint.io/token/25539,1,0
234,4,0,17,2,3,5,10,3,3,4,7,10,10,0,0,0,0,0,0,0,,Spike Darkhorn,deemanz234.png,https://kalamint.io/token/25540,100,1
235,4,0,10,3,1,3,8,17,1,2,11,10,5,0,0,0,0,0,0,0,,Grind Destroy,deemanz235.png,https://kalamint.io/token/25541,150,1
236,2,2,10,3,4,1,7,9,4,4,17,1,3,0,0,0,0,0,0,0,,Bloody Sharptooth,deemanz236.png,https://kalamint.io/token/25546,1,0
237,2,5,17,3,4,2,21,18,4,4,13,16,25,0,0,0,0,0,0,0,,Gnash Horned,deemanz237.png,https://kalamint.io/token/25548,15,0
238,3,0,18,4,3,1,9,15,3,1,9,2,18,0,0,0,0,0,0,0,,Render Fire,deemanz238.png,https://kalamint.io/token/25549,15,1
239,4,3,16,3,4,0,10,18,4,1,16,16,10,3,0,0,0,0,0,0,,Bash Horn,deemanz239.png,https://kalamint.io/token/25551,1,0
240,1,4,16,1,2,5,8,10,2,5,18,18,10,0,0,0,0,0,1,0,,Clobber Gobbled,deemanz240.png,https://kalamint.io/token/25552,13,0
241,3,0,18,3,1,3,0,8,1,1,6,14,24,0,0,0,1,0,1,0,,Bare Ass Clobber Sharptooth,deemanz241.png,https://kalamint.io/token/25553,1,0
242,1,0,3,3,2,4,21,12,2,2,3,12,26,0,0,0,0,0,0,0,,Rip Darkclaw,deemanz242.png,https://kalamint.io/token/25554,1,0
243,1,2,9,3,1,4,8,17,1,2,1,8,12,0,0,0,0,0,0,0,,Spike Darkhorn,deemanz243.png,https://kalamint.io/token/25555,15,0
244,3,0,16,4,3,6,20,11,3,3,3,4,12,0,0,0,0,1,0,0,,Clobber Darkclaw,deemanz244.png,https://kalamint.io/token/25556,1,0
245,1,2,18,1,3,4,10,23,3,4,3,16,22,0,0,0,0,0,1,0,,Glare Bleeding,deemanz245.png,https://kalamint.io/token/25557,9.96,0
246,3,3,7,1,3,7,10,25,3,1,6,16,25,0,0,0,0,0,0,0,,Burp Darkclaw,deemanz246.png,https://kalamint.io/token/25558,69,1
247,4,1,12,1,2,4,7,0,2,2,12,5,7,0,0,1,0,0,0,0,,Slash Render,deemanz247.png,https://kalamint.io/token/25962,2,0
248,3,5,11,4,3,1,9,24,3,3,10,8,23,0,0,0,0,0,0,0,,Plunder Render,deemanz248.png,https://kalamint.io/token/25560,49,1
249,2,3,14,2,2,0,13,18,2,3,10,15,7,0,0,0,0,0,1,1,,Burp Thunderclaw,deemanz249.png,https://kalamint.io/token/25561,1,0
250,4,2,5,2,4,2,11,10,4,3,12,7,8,6,0,0,0,0,0,0,,Burp Doom,deemanz250.png,https://kalamint.io/token/25567,1,0
251,1,0,0,2,2,8,8,26,2,2,14,16,24,0,0,0,0,0,0,0,,Torn War,deemanz251.png,https://kalamint.io/token/25575,38,1
252,2,0,5,4,1,7,3,23,1,3,11,5,6,2,0,0,0,0,0,0,,Grind Darkclaw,deemanz252.png,https://kalamint.io/token/25576,9.99,0
253,2,3,18,2,2,6,10,5,2,4,13,11,10,2,0,0,0,0,1,1,,Split Fire,deemanz253.png,https://kalamint.io/token/25577,2,0
254,1,1,7,2,1,6,15,6,1,2,5,6,0,1,0,0,0,0,0,0,,Glare Horn,deemanz254.png,https://kalamint.io/token/25578,2,0
255,2,0,2,3,4,0,3,1,4,1,16,0,0,0,0,0,0,0,0,0,,Split Clawing,deemanz255.png,https://kalamint.io/token/25579,2,0
256,1,0,15,1,4,0,3,25,4,1,4,4,0,0,0,0,0,1,1,0,,Bite Firefang,deemanz256.png,https://kalamint.io/token/25580,2,0
257,2,3,15,3,2,1,4,23,2,1,17,8,20,0,0,0,0,0,0,0,,Smash Darkclaw,deemanz257.png,https://kalamint.io/token/25581,2,0
258,4,2,5,1,1,1,14,23,1,3,12,3,25,0,0,0,0,1,0,0,,Clobber Fang,deemanz258.png,https://kalamint.io/token/25582,2,0
259,4,4,12,4,3,6,7,2,3,5,16,17,4,0,0,0,0,0,1,0,,Glare War,deemanz259.png,https://kalamint.io/token/25583,55,1
260,2,0,12,3,2,7,17,10,2,5,1,3,21,4,0,0,0,1,0,0,,Chop Darkclaw,deemanz260.png,https://kalamint.io/token/25584,2,0
261,4,0,15,2,1,4,22,20,1,4,13,5,5,0,0,0,0,0,0,0,,Spike Thunderclaw,deemanz261.png,https://kalamint.io/token/25585,2,0
262,2,0,6,4,3,1,16,25,3,1,1,9,7,4,0,0,0,0,0,0,,Torn Gobbled,deemanz262.png,https://kalamint.io/token/25587,2,0
263,4,0,0,1,4,5,7,8,4,4,16,19,17,0,0,0,0,0,0,0,,Render Fang,deemanz263.png,https://kalamint.io/token/25588,28,1
264,2,3,17,1,1,5,10,3,1,5,7,5,15,0,0,0,0,0,0,0,,Squash Fang,deemanz264.png,https://kalamint.io/token/25589,22,1
265,4,6,15,4,4,7,12,15,4,4,10,13,5,0,0,0,0,0,1,1,,Chop Rendered,deemanz265.png,https://kalamint.io/token/25590,2,0
266,3,3,8,3,1,0,10,20,1,5,2,14,13,0,0,0,0,0,1,0,,Slash Doom,deemanz266.png,https://kalamint.io/token/25591,28,1
267,1,5,17,4,3,4,10,12,3,4,5,18,4,1,0,0,0,0,0,0,,Torn Clawing,deemanz267.png,https://kalamint.io/token/25592,49,1
268,4,4,10,2,4,8,21,13,4,1,5,15,11,0,0,0,0,0,0,0,,Plunder Fist,deemanz268.png,https://kalamint.io/token/25593,199,1
269,1,3,12,3,1,7,10,24,1,5,2,16,14,0,0,0,0,0,0,0,,Plunder Rendered,deemanz269.png,https://kalamint.io/token/25594,50,1
270,1,0,2,2,2,7,12,8,2,4,16,17,25,0,0,0,0,0,0,0,,Burn Clawing,deemanz270.png,https://kalamint.io/token/25595,2,0
271,4,0,18,3,1,1,10,11,1,1,6,12,7,0,0,0,0,0,0,0,,Squash Warfire,deemanz271.png,https://kalamint.io/token/25655,125,1
272,1,3,15,2,3,4,0,10,3,3,18,14,12,8,0,0,1,0,0,0,,Bare Ass Render Rendered,deemanz272.png,https://kalamint.io/token/25656,2,0
273,3,0,17,4,3,5,0,12,3,3,13,7,10,6,0,0,1,0,0,0,,Bare Ass Squash Destroy,deemanz273.png,https://kalamint.io/token/25657,2,0
274,1,0,8,2,2,8,1,8,2,1,4,12,8,0,0,0,0,0,0,0,,Spike Darkhorn,deemanz274.png,https://kalamint.io/token/25658,2,0
275,4,6,7,2,3,5,21,21,3,2,16,0,10,0,0,0,0,0,0,0,,Tear Render,deemanz275.png,https://kalamint.io/token/25659,12,1
276,3,4,17,3,3,6,5,6,3,4,18,4,21,0,0,0,0,1,1,1,,Clobber Darkhorn,deemanz276.png,https://kalamint.io/token/25660,2,0
277,3,0,18,2,4,7,16,19,4,2,3,2,17,9,0,0,0,0,0,0,,Squash Fire,deemanz277.png,https://kalamint.io/token/25662,2,0
278,3,4,5,1,1,1,6,24,1,1,15,14,23,0,0,0,0,0,0,0,,Grind Darkclaw,deemanz278.png,https://kalamint.io/token/25664,2,0
279,1,0,16,3,2,5,13,9,2,1,6,13,5,0,0,0,0,0,0,0,,Split Fang,deemanz279.png,https://kalamint.io/token/25665,2,0
280,1,6,15,3,2,5,13,2,2,1,8,12,6,7,0,0,0,0,0,0,,Smash Fist,deemanz280.png,https://kalamint.io/token/25666,2,0
281,1,0,13,4,2,1,22,12,2,3,1,3,16,0,0,0,0,1,0,0,,Burp Doom,deemanz281.png,https://kalamint.io/token/25667,25,1
282,3,0,0,2,2,6,1,10,2,2,12,14,24,0,0,0,0,0,0,0,,Tear Clawed,deemanz282.png,https://kalamint.io/token/25669,500,1
283,4,1,15,3,2,3,9,23,2,3,9,0,4,0,0,0,0,0,0,0,,Squash Fang,deemanz283.png,https://kalamint.io/token/25671,2,0
284,1,2,11,1,1,3,9,24,1,5,11,0,8,0,0,0,0,0,1,1,,Burp Horned,deemanz284.png,https://kalamint.io/token/25672,9.99,0
285,2,0,11,1,4,5,8,20,4,5,12,6,10,4,0,0,0,0,0,0,,Glare Render,deemanz285.png,https://kalamint.io/token/25674,20,1
286,4,2,13,3,4,1,8,16,4,5,2,0,3,0,0,0,0,0,0,0,,Gnash War,deemanz286.png,https://kalamint.io/token/25675,100,1
287,3,3,15,2,4,6,20,1,4,4,14,0,6,0,0,0,0,0,0,0,,Chop War,deemanz287.png,https://kalamint.io/token/25676,11,0
288,4,6,13,2,1,4,15,3,1,2,17,15,9,0,0,0,0,0,0,0,,Grind Claw,deemanz288.png,https://kalamint.io/token/25678,20,1
289,2,4,16,4,4,7,1,17,4,5,11,17,23,0,0,0,0,0,0,0,,Tear Warfire,deemanz289.png,https://kalamint.io/token/25679,2,0
290,1,0,15,1,2,8,21,13,2,1,6,7,10,0,0,0,0,0,1,0,,Gnash Horned,deemanz290.png,https://kalamint.io/token/25681,2,0
291,2,0,15,1,1,1,9,8,1,3,17,5,2,0,0,0,0,0,0,0,,Squish Darkhorn,deemanz291.png,https://kalamint.io/token/25705,2,0
292,1,0,3,2,4,5,19,17,4,2,6,15,5,0,0,0,0,0,0,0,,Tear Thunderclaw,deemanz292.png,https://kalamint.io/token/25706,11.9,1
293,4,0,9,1,3,4,3,10,3,3,6,3,15,6,0,0,0,1,0,0,,Rip Horned,deemanz293.png,https://kalamint.io/token/25707,2,0
294,4,4,16,2,3,5,7,23,3,3,12,10,5,9,0,0,0,0,0,0,,Squash Fire,deemanz294.png,https://kalamint.io/token/25708,2,0
295,1,0,11,1,1,8,10,14,1,4,10,5,18,0,0,0,0,0,1,1,,Spike Bleeding,deemanz295.png,https://kalamint.io/token/25709,19,1
296,3,1,16,2,1,0,2,9,1,5,9,8,10,0,0,0,0,0,0,0,,Gnash Clawing,deemanz296.png,https://kalamint.io/token/25710,2,0
297,3,1,15,2,3,5,22,24,3,1,4,17,24,0,0,0,0,0,0,0,,Clobber Warfire,deemanz297.png,https://kalamint.io/token/25711,2,0
298,3,0,11,1,3,2,9,23,3,2,13,0,12,0,0,0,0,0,0,0,,Plunder Dark,deemanz298.png,https://kalamint.io/token/25712,100,1
299,3,0,12,1,4,7,18,1,4,3,4,6,2,0,0,0,0,0,0,0,,Split Fist,deemanz299.png,https://kalamint.io/token/25713,2,0
300,2,0,7,1,4,2,7,4,4,3,13,16,2,0,0,0,0,0,0,0,,Spike Horn,deemanz300.png,https://kalamint.io/token/25714,50,1
301,4,3,17,2,3,0,5,4,3,1,15,4,16,0,0,0,0,1,0,0,,Chop Thunderclaw,deemanz301.png,https://kalamint.io/token/25716,2,0
302,1,1,12,2,2,8,7,23,2,5,9,1,16,0,0,0,0,0,0,0,,Gnash Darkclaw,deemanz302.png,https://kalamint.io/token/25717,2,0
303,3,5,7,3,1,8,18,12,1,4,9,0,3,0,0,0,0,0,1,0,,Torn War,deemanz303.png,https://kalamint.io/token/25718,27.9,1
304,2,4,10,4,3,4,21,9,3,4,6,8,7,0,0,0,0,0,0,0,,Burp Tooth,deemanz304.png,https://kalamint.io/token/25719,2,0
305,1,0,0,3,1,1,21,11,1,1,18,7,8,0,0,0,0,0,0,0,,Slash Darkhorn,deemanz305.png,https://kalamint.io/token/25722,2,0
306,2,0,9,2,2,2,6,16,2,5,13,1,26,0,0,0,0,0,1,1,,Plunder Warfire,deemanz306.png,https://kalamint.io/token/25723,40,1
307,4,0,11,4,2,8,0,17,2,3,3,9,6,0,0,0,1,0,1,0,,Bare Ass Torn Firefang,deemanz307.png,https://kalamint.io/token/25724,2,0
308,3,0,7,3,3,3,17,24,3,5,11,10,11,0,0,0,0,0,1,1,,Smash Rendered,deemanz308.png,https://kalamint.io/token/25725,2,0
309,4,0,7,3,1,5,17,25,1,1,11,16,10,0,0,0,0,0,0,0,,Squish Fire,deemanz309.png,https://kalamint.io/token/25726,2,0
310,1,0,2,3,3,6,20,14,3,1,1,5,4,9,0,0,0,0,0,0,,Smash Clawed,deemanz310.png,https://kalamint.io/token/25728,20,1
311,2,0,6,3,1,3,4,19,1,1,15,16,24,1,0,0,0,0,0,0,,Bite Warfire,deemanz311.png,https://kalamint.io/token/25730,10,0
312,3,0,10,4,1,8,20,25,1,1,9,15,0,0,0,0,0,0,0,0,,Squash Horned,deemanz312.png,https://kalamint.io/token/25732,11,0
313,3,0,2,4,4,4,11,5,4,3,3,8,13,0,0,0,0,0,0,0,,Chop Claw,deemanz313.png,https://kalamint.io/token/25733,2,0
314,2,3,15,2,3,7,17,4,3,2,2,2,4,0,0,0,0,0,1,0,,Chop War,deemanz314.png,https://kalamint.io/token/25734,300,1
315,1,1,17,2,1,1,10,22,1,3,8,11,11,0,0,0,0,0,0,0,,Spike Firegobbler,deemanz315.png,https://kalamint.io/token/25735,2,0
316,3,1,17,2,1,5,16,17,1,5,8,17,2,0,0,0,0,0,0,0,,Gnash War,deemanz316.png,https://kalamint.io/token/25736,2,0
317,3,0,5,1,4,5,1,23,4,4,16,1,13,6,0,0,0,0,0,0,,Chop War,deemanz317.png,https://kalamint.io/token/25737,10,0
318,3,0,17,1,2,6,20,24,2,4,2,3,18,0,0,0,0,1,0,0,,Grind Destroy,deemanz318.png,https://kalamint.io/token/25738,15,0
319,1,0,2,3,1,0,11,12,1,4,1,14,6,0,0,0,0,0,0,0,,Punish Doom,deemanz319.png,https://kalamint.io/token/25739,15,0
320,2,5,14,4,1,5,14,10,1,2,16,17,11,1,0,0,0,0,0,0,,Glare Claw,deemanz320.png,https://kalamint.io/token/25741,50,1
321,1,4,11,4,2,1,6,7,2,1,8,10,9,0,0,0,0,0,0,0,,Torn Bleeding,deemanz321.png,https://kalamint.io/token/25742,2,0
322,4,6,11,3,2,3,15,0,2,5,7,0,11,0,0,1,0,0,0,0,,Smash Tooth,deemanz322.png,https://kalamint.io/token/25744,2,0
323,1,2,7,2,3,4,16,12,3,1,14,0,7,0,0,0,0,0,0,0,,Tear Horned,deemanz323.png,https://kalamint.io/token/25745,2,0
324,3,6,6,3,1,0,12,2,1,1,7,5,14,7,0,0,0,0,1,0,,Grind Gobbled,deemanz324.png,https://kalamint.io/token/25746,300,1
325,1,0,0,2,3,2,9,5,3,2,7,10,0,0,0,0,0,0,0,0,,Split Claw,deemanz325.png,https://kalamint.io/token/25747,40,1
326,4,4,18,3,4,8,21,12,4,4,2,17,16,0,0,0,0,0,0,0,,Slash Clawed,deemanz326.png,https://kalamint.io/token/25748,40,1
327,4,4,18,3,1,3,15,2,1,2,12,19,20,0,0,0,0,0,0,0,,Grind Sharptooth,deemanz327.png,https://kalamint.io/token/25750,2,0
328,1,0,13,2,2,3,18,25,2,5,6,9,7,0,0,0,0,0,0,0,,Plunder Destroy,deemanz328.png,https://kalamint.io/token/25752,2,0
329,1,0,10,1,2,4,22,16,2,2,9,12,1,0,0,0,0,0,1,0,,Burp Rendered,deemanz329.png,https://kalamint.io/token/25753,30,1
330,1,0,2,4,1,5,3,4,1,4,18,14,7,0,0,0,0,0,0,0,,Rip Tooth,deemanz330.png,https://kalamint.io/token/25754,25,1
331,4,6,12,4,2,4,7,17,2,4,11,10,6,0,0,0,0,0,1,0,,Punish Tooth,deemanz331.png,https://kalamint.io/token/25755,1000,1
332,2,0,15,1,4,6,19,21,4,4,2,0,10,0,0,0,0,0,0,0,,Render Fire,deemanz332.png,https://kalamint.io/token/25756,2,0
333,1,2,16,3,3,0,9,4,3,3,8,0,7,0,0,0,0,0,0,0,,Crush Fang,deemanz333.png,https://kalamint.io/token/25757,15,1
334,2,0,6,4,4,3,7,18,4,5,3,11,5,0,0,0,0,0,0,0,,Tear Clawing,deemanz334.png,https://kalamint.io/token/25758,2,0
335,3,5,5,2,1,8,7,5,1,4,7,1,3,6,0,0,0,0,0,0,,Squish Horned,deemanz335.png,https://kalamint.io/token/25759,2,0
336,3,0,2,4,3,6,17,7,3,2,4,18,20,0,0,0,0,0,0,0,,Torn Firefang,deemanz336.png,https://kalamint.io/token/25760,25,1
337,3,3,18,2,4,1,21,4,4,5,3,8,13,0,0,0,0,0,0,0,,Squash Sunder,deemanz337.png,https://kalamint.io/token/25761,2,0
338,1,6,12,2,4,0,11,10,4,4,8,2,17,2,0,0,0,0,0,0,,Squish Rendered,deemanz338.png,https://kalamint.io/token/25762,2,0
339,2,0,17,1,3,0,20,26,3,5,16,14,8,0,0,0,0,0,0,0,,Burp Bleeding,deemanz339.png,https://kalamint.io/token/25763,12,1
340,4,2,5,4,3,6,9,22,3,2,17,8,24,0,0,0,0,0,1,0,,Burp Darkhorn,deemanz340.png,https://kalamint.io/token/25764,25,1
341,3,0,7,3,3,5,0,19,3,2,15,5,20,4,0,0,1,0,1,1,,Bare Ass Bite Sunder,deemanz341.png,https://kalamint.io/token/25765,75,1
342,3,1,18,4,1,7,21,15,1,2,13,19,11,0,0,0,0,0,0,0,,Clobber Fistclaw,deemanz342.png,https://kalamint.io/token/25766,2,0
343,3,2,14,1,3,3,17,6,3,5,14,6,2,0,0,0,0,0,0,0,,Squash Fire,deemanz343.png,https://kalamint.io/token/25767,25,1
344,1,5,13,2,2,3,13,20,2,1,17,13,22,0,0,0,0,0,0,0,,Tear Fanged,deemanz344.png,https://kalamint.io/token/25768,2,0
345,3,3,14,4,1,2,3,0,1,3,17,11,11,0,0,1,0,0,0,0,,Bite Fang,deemanz345.png,https://kalamint.io/token/25769,75,1
346,2,1,12,2,1,3,19,10,1,1,6,12,16,2,0,0,0,0,1,0,,Squash Fanged,deemanz346.png,https://kalamint.io/token/25770,2,0
347,4,0,0,4,4,4,11,13,4,2,12,5,19,0,0,0,0,0,1,1,,Render Firetooth,deemanz347.png,https://kalamint.io/token/25771,2,0
348,2,0,4,1,2,6,15,19,2,2,14,11,7,9,0,0,0,0,0,0,,Squash Clawed,deemanz348.png,https://kalamint.io/token/25772,2,0
349,2,6,18,1,3,8,21,9,3,1,3,6,14,0,0,0,0,0,0,0,,Bloody Darkhorn,deemanz349.png,https://kalamint.io/token/25773,30,1
350,1,6,17,3,1,8,5,7,1,2,8,0,21,0,0,0,0,0,0,0,,Grind Claw,deemanz350.png,https://kalamint.io/token/25774,2,0
351,4,0,13,1,3,5,14,10,3,1,11,3,18,8,0,0,0,1,0,0,,Torn Bleeding,deemanz351.png,https://kalamint.io/token/25775,2,0
352,1,2,18,1,4,7,4,5,4,1,13,6,21,0,0,0,0,0,1,0,,Bloody Darkclaw,deemanz352.png,https://kalamint.io/token/25776,2,0
353,4,6,18,1,4,8,20,15,4,2,6,14,20,0,0,0,0,0,0,0,,Split Doom,deemanz353.png,https://kalamint.io/token/25777,15,0
354,1,1,16,4,3,4,11,8,3,2,18,11,10,0,0,0,0,0,0,0,,Burn Doom,deemanz354.png,https://kalamint.io/token/25778,2,0
355,2,0,14,2,2,1,8,23,2,3,4,9,9,3,0,0,0,0,1,1,,Render War,deemanz355.png,https://kalamint.io/token/25779,2,0
356,4,3,10,1,1,3,18,25,1,4,9,1,22,0,0,0,0,0,0,0,,Render Clawed,deemanz356.png,https://kalamint.io/token/25780,2,0
357,1,4,8,2,1,5,13,13,1,3,1,0,21,0,0,0,0,0,0,0,,Chop Horned,deemanz357.png,https://kalamint.io/token/25781,222,1
358,2,0,4,3,3,8,6,12,3,2,18,1,24,4,0,0,0,0,0,0,,Burn Fang,deemanz358.png,https://kalamint.io/token/25782,2,0
359,4,5,10,4,2,0,8,7,2,2,13,8,2,8,0,0,0,0,1,0,,Sharp Firegobbler,deemanz359.png,https://kalamint.io/token/25783,2,0
360,3,4,11,1,4,2,21,17,4,5,2,9,11,0,0,0,0,0,0,0,,Render Firetooth,deemanz360.png,https://kalamint.io/token/25784,18,1
361,2,0,7,2,4,7,16,8,4,1,15,18,24,0,0,0,0,0,1,0,,Crush Warhorn,deemanz361.png,https://kalamint.io/token/25785,50,1
362,3,4,16,2,2,2,0,0,2,5,12,1,20,0,1,0,0,0,0,0,,Nude Breh,deemanz362.png,https://kalamint.io/token/25786,35,0
363,4,0,15,2,1,0,7,4,1,4,8,10,11,0,0,0,0,0,0,0,,Torn Firefang,deemanz363.png,https://kalamint.io/token/25788,75,1
364,1,0,17,2,2,1,10,21,2,5,5,13,16,0,0,0,0,0,0,0,,Gnash Dark,deemanz364.png,https://kalamint.io/token/25789,75,1
365,2,0,5,4,4,2,2,13,4,5,14,4,5,0,0,0,0,1,0,0,,Burp Firefang,deemanz365.png,https://kalamint.io/token/25790,2,0
366,3,5,14,2,3,3,19,5,3,5,12,11,8,6,0,0,0,0,0,0,,Crush Horned,deemanz366.png,https://kalamint.io/token/25791,2,0
367,4,0,15,2,1,3,5,18,1,4,8,4,5,0,0,0,0,1,0,0,,Squash Warhorn,deemanz367.png,https://kalamint.io/token/25792,2,0
368,2,1,10,4,3,7,4,12,3,2,1,18,17,0,0,0,0,0,0,0,,Grind Clawing,deemanz368.png,https://kalamint.io/token/25793,2,0
369,1,0,9,3,2,4,6,17,2,1,16,4,6,0,0,0,0,1,0,0,,Split War,deemanz369.png,https://kalamint.io/token/25794,37,1
370,2,6,11,3,4,0,21,12,4,2,2,0,21,0,0,0,0,0,0,0,,Smash Gobble,deemanz370.png,https://kalamint.io/token/25795,18,1
371,4,1,10,4,2,3,4,2,2,1,9,14,12,0,0,0,0,0,1,0,,Torn Render,deemanz371.png,https://kalamint.io/token/25796,35,1
372,4,0,1,4,3,2,15,1,3,1,15,8,16,2,0,0,0,0,1,0,,Punish Firefang,deemanz372.png,https://kalamint.io/token/25797,75,1
373,2,3,15,2,3,6,11,2,3,3,2,19,22,0,0,0,0,0,1,0,,Plunder Sunder,deemanz373.png,https://kalamint.io/token/25798,2,0
374,1,1,6,3,1,0,9,13,1,2,14,14,11,0,0,0,0,0,0,0,,Spike Thunderclaw,deemanz374.png,https://kalamint.io/token/25799,2,0
375,3,0,10,4,2,6,6,21,2,2,12,4,18,0,0,0,0,1,0,0,,Bite Darkclaw,deemanz375.png,https://kalamint.io/token/25800,12.99,1
376,3,3,18,4,2,6,4,2,2,3,9,9,8,8,0,0,0,0,0,0,,Bite Destroy,deemanz376.png,https://kalamint.io/token/25801,2,0
377,2,3,6,3,2,4,13,6,2,4,8,7,9,2,0,0,0,0,0,0,,Burp Firefist,deemanz377.png,https://kalamint.io/token/25803,15,1
378,1,0,12,1,1,6,10,24,1,4,5,17,14,0,0,0,0,0,1,1,,Spike Thunderclaw,deemanz378.png,https://kalamint.io/token/25804,35,1
379,2,6,7,2,1,7,14,20,1,3,15,4,10,0,0,0,0,1,1,0,,Bash Gobble,deemanz379.png,https://kalamint.io/token/25805,11.8,1
380,4,5,17,4,2,4,20,23,2,5,14,14,25,0,0,0,0,0,1,0,,Chop Horn,deemanz380.png,https://kalamint.io/token/25806,2,0
381,2,5,9,3,3,2,11,23,3,3,4,16,13,0,0,0,0,0,0,0,,Chop Darkhorn,deemanz381.png,https://kalamint.io/token/25807,2,0
382,3,3,5,1,3,7,12,6,3,2,3,1,7,0,0,0,0,0,0,0,,Sharp Horned,deemanz382.png,https://kalamint.io/token/25808,2,0
383,1,5,9,1,2,3,13,22,2,2,5,17,14,0,0,0,0,0,1,0,,Crush Sharptooth,deemanz383.png,https://kalamint.io/token/25809,2,0
384,2,3,12,1,1,8,12,25,1,1,14,4,26,0,0,0,0,1,0,0,,Render Dark,deemanz384.png,https://kalamint.io/token/25810,2,0
385,4,0,4,4,1,0,1,23,1,1,12,0,11,1,0,0,0,0,1,0,,Squish Thunderclaw,deemanz385.png,https://kalamint.io/token/25812,2,0
386,4,0,9,3,3,7,11,16,3,5,8,4,17,0,0,0,0,1,0,0,,Bloody Destroy,deemanz386.png,https://kalamint.io/token/25813,2,0
387,3,0,11,2,4,4,9,17,4,3,3,15,11,0,0,0,0,0,0,0,,Burp Bleeding,deemanz387.png,https://kalamint.io/token/25814,25,0
388,4,2,16,4,2,6,13,5,2,1,3,0,7,1,0,0,0,0,1,0,,Bash Darkclaw,deemanz388.png,https://kalamint.io/token/25815,2,0
389,2,0,18,3,1,2,16,5,1,4,8,7,10,0,0,0,0,0,0,0,,Spike Tooth,deemanz389.png,https://kalamint.io/token/25816,2,0
390,3,0,13,3,2,7,7,26,2,3,13,14,24,0,0,0,0,0,1,0,,Split Sunder,deemanz390.png,https://kalamint.io/token/25817,10.8,0
391,4,0,18,4,2,1,15,25,2,1,5,7,8,0,0,0,0,0,1,0,,Squish Gobbled,deemanz391.png,https://kalamint.io/token/25818,16,0
392,3,4,13,3,1,8,19,11,1,4,16,1,6,0,0,0,0,0,1,0,,Bite Fist,deemanz392.png,https://kalamint.io/token/25819,299,1
393,3,2,8,4,2,0,21,5,2,1,9,9,10,6,0,0,0,0,0,0,,Rip Render,deemanz393.png,https://kalamint.io/token/25820,16,0
394,4,5,7,2,3,3,4,9,3,4,12,16,2,0,0,0,0,0,0,0,,Smash Warfire,deemanz394.png,https://kalamint.io/token/25821,2,0
395,3,0,18,4,1,0,9,17,1,3,5,2,22,0,0,0,0,0,0,0,,Squash Bleeding,deemanz395.png,https://kalamint.io/token/25822,11.2,1
396,2,0,8,2,1,3,18,7,1,2,14,19,19,4,0,0,0,0,1,0,,Burn Fist,deemanz396.png,https://kalamint.io/token/25823,39.6,1
397,2,4,18,4,1,5,4,7,1,5,15,8,18,1,0,0,0,0,0,0,,Slash Clawing,deemanz397.png,https://kalamint.io/token/25824,20,1
398,3,0,15,1,1,1,21,22,1,2,3,16,26,0,0,0,0,0,0,0,,Glare Rendered,deemanz398.png,https://kalamint.io/token/25825,2,0
399,1,4,13,4,1,0,18,19,1,4,14,5,22,0,0,0,0,0,0,0,,Slash Clawing,deemanz399.png,https://kalamint.io/token/25826,2,0
400,4,0,12,2,4,4,8,10,4,3,12,11,7,0,0,0,0,0,0,0,,Grind Firegobbler,deemanz400.png,https://kalamint.io/token/25829,77.7,1
401,4,5,6,2,4,2,7,8,4,4,7,2,23,0,0,0,0,0,0,0,,Squish Horn,deemanz401.png,https://kalamint.io/token/25917,2,0
402,2,0,13,2,1,0,22,8,1,1,10,15,10,0,0,0,0,0,1,0,,Gnash Tooth,deemanz402.png,https://kalamint.io/token/25918,2,0
403,4,0,9,2,3,8,22,16,3,1,12,14,21,0,0,0,0,0,0,0,,Render Firegobbler,deemanz403.png,https://kalamint.io/token/25920,10,0
404,3,2,18,1,3,6,8,25,3,3,8,12,12,9,0,0,0,0,0,0,,Sharp Darkclaw,deemanz404.png,https://kalamint.io/token/25921,2,0
405,4,3,11,2,4,2,8,1,4,5,7,3,26,7,0,0,0,1,0,0,,Render Clawed,deemanz405.png,https://kalamint.io/token/25925,25,1
406,4,0,10,3,2,0,10,19,2,3,7,1,14,0,0,0,0,0,0,0,,Clobber War,deemanz406.png,https://kalamint.io/token/25929,2,0
407,1,0,12,2,3,4,16,17,3,1,13,13,25,0,0,0,0,0,0,0,,Plunder Fanged,deemanz407.png,https://kalamint.io/token/25943,2,0
408,2,0,5,4,1,6,11,18,1,1,1,13,9,0,0,0,0,0,0,0,,Render War,deemanz408.png,https://kalamint.io/token/25944,2,0
409,2,3,18,3,3,7,19,19,3,4,13,16,19,0,0,0,0,0,0,0,,Sharp Horn,deemanz409.png,https://kalamint.io/token/25945,2,0
410,1,0,15,1,3,4,17,10,3,3,10,4,15,0,0,0,0,1,1,0,,Sharp Firegobbler,deemanz410.png,https://kalamint.io/token/25946,25,1
411,2,2,6,3,3,3,11,7,3,1,13,16,21,1,0,0,0,0,0,0,,Grind Doom,deemanz411.png,https://kalamint.io/token/25947,2,0
412,1,4,13,2,3,0,10,6,3,5,11,0,5,2,0,0,0,0,0,0,,Spike Thunderclaw,deemanz412.png,https://kalamint.io/token/25949,2,0
413,3,0,9,2,3,4,15,3,3,1,9,19,13,0,0,0,0,0,0,0,,Tear Bleeding,deemanz413.png,https://kalamint.io/token/25950,20,1
414,3,0,15,1,2,1,15,7,2,1,5,10,9,8,0,0,0,0,0,0,,Tear Fire,deemanz414.png,https://kalamint.io/token/25952,2,0
415,3,0,4,4,2,2,12,17,2,3,16,13,15,0,0,0,0,0,0,0,,Torn Thunderclaw,deemanz415.png,https://kalamint.io/token/25953,2,0
416,3,0,9,3,2,3,7,17,2,4,15,17,0,0,0,0,0,0,1,0,,Chop Bleeding,deemanz416.png,https://kalamint.io/token/25954,1,0
417,2,3,15,2,2,1,20,18,2,4,18,17,20,2,0,0,0,0,1,1,,Chop Sunder,deemanz417.png,https://kalamint.io/token/25956,1,0
418,1,0,16,2,4,8,12,14,4,1,14,19,2,0,0,0,0,0,0,0,,Spike Gobble,deemanz418.png,https://kalamint.io/token/25957,2,0
419,3,0,7,4,2,7,12,16,2,2,9,7,9,0,0,0,0,0,0,0,,Torn Bleeding,deemanz419.png,https://kalamint.io/token/25958,2,0
420,4,4,6,1,4,7,5,11,4,1,13,17,19,0,0,0,0,0,0,0,,Burn War,deemanz420.png,https://kalamint.io/token/25959,420,1
421,1,1,11,3,3,0,21,1,3,4,1,5,16,0,0,0,0,0,0,0,,Bloody Tooth,deemanz421.png,https://kalamint.io/token/25963,2,0
422,1,3,17,2,2,3,5,19,2,1,3,10,8,8,0,0,0,0,0,0,,Punish War,deemanz422.png,https://kalamint.io/token/25964,2,0
423,1,0,6,1,1,8,11,2,1,1,8,14,11,5,0,0,0,0,1,1,,Bloody Fistclaw,deemanz423.png,https://kalamint.io/token/25965,2,0
424,3,0,16,1,3,3,12,26,3,4,17,10,6,0,0,0,0,0,0,0,,Gnash Firefang,deemanz424.png,https://kalamint.io/token/25966,2,0
425,2,0,10,2,3,8,1,7,3,2,15,13,4,0,0,0,0,0,1,0,,Bloody Firetooth,deemanz425.png,https://kalamint.io/token/25967,2,0
426,3,4,18,4,1,2,0,24,1,3,6,2,1,0,0,0,1,0,0,0,,Bare Ass Bite Bleeding,deemanz426.png,https://kalamint.io/token/26056,0,0
427,3,3,11,2,2,1,6,26,2,5,7,1,23,0,0,0,0,0,0,0,,Bite Firefang,deemanz427.png,https://kalamint.io/token/25970,12.9,1
428,1,0,0,4,3,5,17,25,3,4,6,13,26,0,0,0,0,0,0,0,,Sharp Firefang,deemanz428.png,https://kalamint.io/token/25971,2,0
429,1,0,11,2,2,0,11,8,2,1,13,7,7,0,0,0,0,0,0,0,,Sharp Firetooth,deemanz429.png,https://kalamint.io/token/25972,2,0
430,2,0,0,3,3,1,8,3,3,2,5,4,9,0,0,0,0,1,0,0,,Split Clawed,deemanz430.png,https://kalamint.io/token/25973,12.9,1
431,3,0,12,3,4,7,21,1,4,4,10,6,14,4,0,0,0,0,1,0,,Split Horn,deemanz431.png,https://kalamint.io/token/25974,2,0
432,3,6,6,3,1,7,21,21,1,2,14,13,22,0,0,0,0,0,1,0,,Crush Bleeding,deemanz432.png,https://kalamint.io/token/25975,2,0
433,4,0,18,2,4,1,19,6,4,1,15,13,1,3,0,0,0,0,0,0,,Render Render,deemanz433.png,https://kalamint.io/token/25976,2,0
434,1,3,6,3,1,4,1,7,1,2,7,15,11,0,0,0,0,0,0,0,,Smash Firegobbler,deemanz434.png,https://kalamint.io/token/25977,2,0
435,3,0,5,3,3,7,17,22,3,4,6,5,1,0,0,0,0,0,1,1,,Sharp Fist,deemanz435.png,https://kalamint.io/token/25978,2,0
436,2,0,17,3,2,2,16,2,2,5,3,17,4,0,0,0,0,0,0,0,,Bash Horn,deemanz436.png,https://kalamint.io/token/25979,2,0
437,3,0,0,4,4,3,8,22,4,5,13,10,11,0,0,0,0,0,0,0,,Slash Thunderclaw,deemanz437.png,https://kalamint.io/token/25981,25,1
438,3,0,18,4,2,8,8,24,2,5,4,4,19,0,0,0,0,1,0,0,,Spike Firefang,deemanz438.png,https://kalamint.io/token/25982,25,1
439,4,6,16,1,2,4,0,18,2,3,14,4,10,6,0,0,1,1,0,0,,Bare Ass Spike Darkhorn,deemanz439.png,https://kalamint.io/token/25988,2,0
440,4,4,6,2,3,5,10,21,3,1,9,6,21,0,0,0,0,0,0,0,,Punish Fanged,deemanz440.png,https://kalamint.io/token/25992,16,1
441,2,0,2,2,3,8,11,13,3,2,8,5,7,0,0,0,0,0,1,0,,Rip Destroy,deemanz441.png,https://kalamint.io/token/25993,6.49,0
442,3,6,17,1,4,7,9,22,4,2,4,2,10,0,0,0,0,0,0,0,,Squish Gobbled,deemanz442.png,https://kalamint.io/token/25995,2,0
443,4,0,2,4,2,7,18,14,2,1,5,2,21,0,0,0,0,0,1,0,,Clobber Thunderclaw,deemanz443.png,https://kalamint.io/token/25997,2,0
444,4,2,15,3,1,5,6,1,1,2,10,8,6,0,0,0,0,0,0,0,,Squash Claw,deemanz444.png,https://kalamint.io/token/25998,444,1
445,4,4,12,1,4,0,2,10,4,4,5,18,20,0,0,0,0,0,0,0,,Crush Fire,deemanz445.png,https://kalamint.io/token/26011,2,0
446,2,0,1,1,2,6,5,24,2,2,5,14,16,0,0,0,0,0,0,0,,Bloody Fistclaw,deemanz446.png,https://kalamint.io/token/26012,2,0
447,3,0,6,4,4,3,4,9,4,4,3,15,5,0,0,0,0,0,0,0,,Spike Dark,deemanz447.png,https://kalamint.io/token/26013,2,0
448,3,6,7,1,3,4,7,19,3,5,3,10,0,9,0,0,0,0,0,0,,Grind Bleeding,deemanz448.png,https://kalamint.io/token/26014,2,0
449,4,0,5,3,2,4,10,21,2,2,12,15,5,0,0,0,0,0,0,0,,Slash Gobbled,deemanz449.png,https://kalamint.io/token/26015,2,0
450,3,0,4,1,4,1,6,26,4,3,8,7,10,0,0,0,0,0,0,0,,Grind Dark,deemanz450.png,https://kalamint.io/token/26016,12.9,1
451,3,4,8,3,3,8,19,24,3,3,11,14,12,0,0,0,0,0,1,1,,Grind Bleeding,deemanz451.png,https://kalamint.io/token/26066,2,0
452,3,0,0,2,2,6,16,10,2,4,5,11,6,0,0,0,0,0,0,0,,Clobber Darkclaw,deemanz452.png,https://kalamint.io/token/26067,2,0
453,2,3,10,3,2,2,13,1,2,5,5,9,10,8,0,0,0,0,0,0,,Bash Fist,deemanz453.png,https://kalamint.io/token/26068,2,0
454,3,5,11,4,4,6,13,5,4,2,6,12,2,0,0,0,0,0,0,0,,Bite Firegobbler,deemanz454.png,https://kalamint.io/token/26069,12.9,1
455,4,0,9,4,3,1,17,11,3,2,8,4,1,0,0,0,0,1,1,0,,Squish Fist,deemanz455.png,https://kalamint.io/token/26070,25,1
456,2,0,4,2,1,5,16,17,1,1,15,1,5,0,0,0,0,0,1,0,,Squash Thunderclaw,deemanz456.png,https://kalamint.io/token/26071,2,0
457,2,1,18,2,2,8,0,15,2,3,18,13,0,0,0,0,1,0,1,1,,Bare Ass Bloody Bleeding,deemanz457.png,https://kalamint.io/token/26072,100,0
458,3,5,6,2,3,2,11,15,3,2,5,4,11,0,0,0,0,1,0,0,,Grind Clawing,deemanz458.png,https://kalamint.io/token/26073,12.9,1
459,4,3,5,4,3,7,20,10,3,3,8,14,21,0,0,0,0,0,1,0,,Glare Firefang,deemanz459.png,https://kalamint.io/token/26074,12.9,1
460,3,0,4,1,3,4,5,15,3,2,1,11,8,0,0,0,0,0,0,0,,Gnash Fist,deemanz460.png,https://kalamint.io/token/26075,12.9,0
461,2,4,10,1,1,4,5,23,1,1,16,4,10,7,0,0,0,1,0,0,,Bash Rendered,deemanz461.png,https://kalamint.io/token/26076,12.9,1
462,4,0,12,2,4,8,8,19,4,1,5,3,4,0,0,0,0,1,0,0,,Plunder Fang,deemanz462.png,https://kalamint.io/token/26077,12.666,1
463,3,1,16,4,4,5,16,23,4,2,1,1,21,5,0,0,0,0,0,0,,Bash Fanged,deemanz463.png,https://kalamint.io/token/26078,275,1
464,1,0,1,3,1,2,12,4,1,2,8,9,6,0,0,0,0,0,0,0,,Grind Clawing,deemanz464.png,https://kalamint.io/token/26079,12.9,1
465,4,5,9,1,2,7,4,8,2,5,18,16,12,0,0,0,0,0,0,0,,Slash Darkhorn,deemanz465.png,https://kalamint.io/token/26080,12.9,1
466,1,6,9,2,2,3,13,4,2,4,7,10,5,0,0,0,0,0,0,0,,Tear Darkhorn,deemanz466.png,https://kalamint.io/token/26082,25,1
467,3,0,15,1,2,5,3,4,2,3,12,9,7,0,0,0,0,0,0,0,,Bite Destroy,deemanz467.png,https://kalamint.io/token/26083,12.9,1
468,4,0,17,3,1,3,15,22,1,3,15,9,6,0,0,0,0,0,0,0,,Clobber Fanged,deemanz468.png,https://kalamint.io/token/26084,12.9,1
469,4,0,7,3,3,6,2,9,3,2,5,8,9,0,0,0,0,0,0,0,,Chop Claw,deemanz469.png,https://kalamint.io/token/26085,12.9,1
470,4,5,15,4,4,3,19,23,4,4,8,3,10,0,0,0,0,1,1,1,,Bloody Doom,deemanz470.png,https://kalamint.io/token/26086,12.9,1
471,3,0,1,4,3,5,8,13,3,5,6,15,11,0,0,0,0,0,0,0,,Rip Gobbled,deemanz471.png,https://kalamint.io/token/26087,12.9,1
472,1,6,13,3,1,2,17,18,1,2,12,15,6,0,0,0,0,0,0,0,,Plunder Fire,deemanz472.png,https://kalamint.io/token/26088,2,0
473,2,2,8,4,2,4,4,25,2,3,7,16,14,0,0,0,0,0,0,0,,Crush Darkclaw,deemanz473.png,https://kalamint.io/token/26089,12.9,1
474,2,0,7,1,4,0,2,22,4,2,11,12,8,0,0,0,0,0,0,0,,Sharp Gobble,deemanz474.png,https://kalamint.io/token/26090,40,1
475,2,6,10,3,1,2,0,19,1,4,2,15,9,1,0,0,1,0,0,0,,Bare Ass Squash Horn,deemanz475.png,https://kalamint.io/token/26091,12.9,0
476,4,3,12,1,2,7,3,7,2,3,5,12,8,0,0,0,0,0,0,0,,Render Horned,deemanz476.png,https://kalamint.io/token/26092,6.49,0
477,1,0,12,3,4,5,7,23,4,4,14,12,11,0,0,0,0,0,0,0,,Bash Fistclaw,deemanz477.png,https://kalamint.io/token/26093,12.9,1
478,3,0,7,3,2,7,5,23,2,5,17,7,0,0,0,0,0,0,1,0,,Chop Horned,deemanz478.png,https://kalamint.io/token/26094,99,1
479,1,0,9,2,2,1,13,12,2,5,18,16,0,0,0,0,0,0,0,0,,Smash Fist,deemanz479.png,https://kalamint.io/token/26095,50,1
480,3,2,11,3,4,1,14,4,4,4,6,15,7,0,0,0,0,0,1,0,,Smash Fire,deemanz480.png,https://kalamint.io/token/26096,27.9,1
481,2,0,4,3,2,5,7,18,2,2,3,8,12,0,0,0,0,0,0,0,,Crush Clawing,deemanz481.png,https://kalamint.io/token/26097,6.49,0
482,4,3,7,4,1,8,0,16,1,2,2,11,11,0,0,0,1,0,1,0,,Bare Ass Torn War,deemanz482.png,https://kalamint.io/token/26098,888,1
483,4,0,0,3,4,6,16,12,4,5,10,7,8,7,0,0,0,0,0,0,,Clobber Warhorn,deemanz483.png,https://kalamint.io/token/26104,99,1
484,3,0,17,1,1,6,19,4,1,5,1,14,1,0,0,0,0,0,0,0,,Spike Tooth,deemanz484.png,https://kalamint.io/token/26105,500,0
485,3,0,16,3,4,0,21,20,4,3,2,3,24,6,0,0,0,1,1,0,,Squash Render,deemanz485.png,https://kalamint.io/token/26106,12.9,1
486,4,0,9,3,4,8,17,8,4,2,5,7,7,0,0,0,0,0,0,0,,Plunder Horned,deemanz486.png,https://kalamint.io/token/26107,6.49,0
487,3,0,1,4,3,3,4,15,3,4,8,4,22,0,0,0,0,1,0,0,,Spike Sunder,deemanz487.png,https://kalamint.io/token/26108,6.49,0
488,3,6,14,1,2,2,10,14,2,5,10,10,11,0,0,0,0,0,0,0,,Clobber Fistclaw,deemanz488.png,https://kalamint.io/token/26109,25,1
489,2,0,15,2,3,1,20,22,3,1,17,19,13,0,0,0,0,0,1,0,,Rip Firetooth,deemanz489.png,https://kalamint.io/token/26110,777,1
490,2,0,10,3,1,5,9,12,1,4,11,10,5,0,0,0,0,0,0,0,,Crush Doom,deemanz490.png,https://kalamint.io/token/26111,150,1
491,3,0,14,3,1,0,3,22,1,5,18,19,13,0,0,0,0,0,1,0,,Bite Darkclaw,deemanz491.png,https://kalamint.io/token/26112,999,1
492,3,3,8,2,4,6,17,12,4,3,4,2,6,0,0,0,0,0,0,0,,Gnash Rendered,deemanz492.png,https://kalamint.io/token/26113,6.49,0
493,2,0,11,1,2,6,4,19,2,4,1,4,5,0,0,0,0,1,0,0,,Sharp Warfire,deemanz493.png,https://kalamint.io/token/26114,12.99,1
494,3,3,14,2,2,4,22,10,2,5,8,17,10,0,0,0,0,0,0,0,,Squash Horned,deemanz494.png,https://kalamint.io/token/26115,12.666,1
495,3,5,14,4,2,6,9,0,2,1,12,16,0,0,0,1,0,0,0,0,,Clobber Gobbled,deemanz495.png,https://kalamint.io/token/26116,25,1
496,2,0,7,1,1,2,13,12,1,2,6,1,23,0,0,0,0,0,0,0,,Torn War,deemanz496.png,https://kalamint.io/token/26118,12.99,0
497,1,0,13,1,4,1,11,23,4,1,10,17,22,1,0,0,0,0,1,0,,Squish Horn,deemanz497.png,https://kalamint.io/token/26119,6.49,0
498,1,5,7,4,3,0,2,20,3,4,18,17,22,0,0,0,0,0,0,0,,Bloody Fistclaw,deemanz498.png,https://kalamint.io/token/26120,12.99,1
499,1,6,9,1,4,7,3,8,4,5,10,17,0,0,0,0,0,0,1,0,,Slash Render,deemanz499.png,https://kalamint.io/token/26121,12.99,1
500,4,0,17,1,4,6,5,10,4,1,18,14,14,0,0,0,0,0,0,0,,Bash Dark,deemanz500.png,https://kalamint.io/token/26122,500,1